,player_slot,hero_id,kills,deaths,assists,last_hits,denies,gold_per_min,xp_per_min,level,hero_damage,tower_damage,hero_healing,gold,gold_spent,scaled_hero_damage,scaled_tower_damage,scaled_hero_healing,won,match_id,match_id_int
0,1.0,96.0,5.0,8.0,14.0,152.0,6.0,418.0,582.0,22.0,27217.0,6650.0,0.0,3172.0,12860.0,15341.0,2511.0,0.0,1,5433892867.0,5433892867
1,128.0,53.0,5.0,10.0,21.0,185.0,7.0,381.0,621.0,24.0,23205.0,1362.0,2178.0,649.0,13090.0,13034.0,560.0,751.0,0,5439432709.0,5439432709
2,3.0,40.0,3.0,10.0,9.0,136.0,6.0,281.0,418.0,19.0,26120.0,73.0,0.0,2457.0,8220.0,16289.0,24.0,0.0,0,5451204616.0,5451204616
3,3.0,37.0,1.0,5.0,11.0,33.0,5.0,197.0,285.0,13.0,11299.0,0.0,6255.0,1053.0,4640.0,6028.0,0.0,4386.0,0,5385199625.0,5385199625
4,2.0,105.0,6.0,4.0,8.0,176.0,1.0,432.0,584.0,24.0,,,,,,,,,1,5164103689.0,5164103689
5,128.0,41.0,8.0,8.0,13.0,259.0,29.0,437.0,623.0,24.0,17054.0,581.0,0.0,932.0,17005.0,11078.0,336.0,0.0,0,5423265803.0,5423265803
6,3.0,26.0,7.0,5.0,20.0,54.0,5.0,328.0,596.0,25.0,,,,,,,,,1,5016424459.0,5016424459
7,0.0,45.0,4.0,16.0,13.0,110.0,2.0,368.0,512.0,24.0,,,,,,,,,0,4905732107.0,4905732107
8,1.0,36.0,7.0,8.0,19.0,94.0,7.0,362.0,587.0,24.0,,,,,,,,,0,5282496526.0,5282496526
9,0.0,53.0,3.0,8.0,16.0,222.0,16.0,451.0,592.0,24.0,16105.0,4130.0,2672.0,1936.0,18660.0,8906.0,1995.0,995.0,1,5425158159.0,5425158159
10,4.0,64.0,5.0,12.0,28.0,107.0,3.0,354.0,557.0,26.0,25211.0,1591.0,5296.0,3917.0,13470.0,14634.0,635.0,1618.0,1,5454489621.0,5454489621
11,128.0,62.0,2.0,10.0,10.0,9.0,3.0,211.0,258.0,13.0,8786.0,0.0,0.0,865.0,6000.0,6414.0,0.0,0.0,0,5424922647.0,5424922647
12,3.0,69.0,6.0,10.0,13.0,66.0,4.0,384.0,588.0,25.0,,,,,,,,,1,5133856794.0,5133856794
14,4.0,26.0,2.0,5.0,17.0,46.0,4.0,305.0,407.0,17.0,,,,,,,,,1,5092796447.0,5092796447
15,129.0,22.0,11.0,6.0,20.0,167.0,7.0,474.0,508.0,21.0,,,,,,,,,1,4898146346.0,4898146346
16,3.0,30.0,3.0,12.0,3.0,34.0,1.0,224.0,270.0,15.0,,,,,,,,,0,5066930219.0,5066930219
17,129.0,108.0,2.0,7.0,24.0,127.0,8.0,388.0,621.0,25.0,,,,,,,,,1,4965693492.0,4965693492
18,131.0,108.0,2.0,5.0,21.0,61.0,7.0,302.0,514.0,20.0,,,,,,,,,1,5023287351.0,5023287351
19,128.0,30.0,3.0,7.0,16.0,35.0,4.0,777.0,1415.0,25.0,,,,,,,,,1,4906002492.0,4906002492
20,131.0,26.0,3.0,13.0,21.0,144.0,11.0,304.0,444.0,24.0,16516.0,100.0,0.0,3343.0,13680.0,8512.0,37.0,0.0,0,5440491582.0,5440491582
21,129.0,83.0,0.0,6.0,6.0,47.0,2.0,179.0,370.0,15.0,18635.0,0.0,2215.0,200.0,4595.0,9259.0,0.0,1366.0,0,5395576898.0,5395576898
22,129.0,47.0,10.0,10.0,14.0,289.0,15.0,477.0,578.0,25.0,,,,,,,,,1,5272102985.0,5272102985
23,131.0,108.0,8.0,4.0,14.0,36.0,4.0,395.0,409.0,13.0,,,,,,,,,1,5023209554.0,5023209554
24,130.0,120.0,0.0,11.0,9.0,197.0,18.0,307.0,420.0,19.0,13050.0,0.0,0.0,488.0,10755.0,6760.0,0.0,0.0,0,5452841057.0,5452841057
25,132.0,2.0,3.0,5.0,12.0,156.0,15.0,416.0,447.0,19.0,20939.0,1466.0,0.0,3392.0,12290.0,11473.0,645.0,0.0,1,5406382179.0,5406382179
26,2.0,22.0,1.0,5.0,2.0,74.0,15.0,219.0,325.0,14.0,26932.0,0.0,0.0,1239.0,5685.0,13038.0,0.0,0.0,0,5446799466.0,5446799466
27,130.0,77.0,3.0,4.0,19.0,196.0,11.0,534.0,602.0,20.0,14915.0,9245.0,0.0,1498.0,15285.0,8604.0,4221.0,0.0,1,5406771309.0,5406771309
28,129.0,17.0,4.0,7.0,1.0,99.0,13.0,272.0,390.0,16.0,10794.0,0.0,0.0,632.0,8130.0,6935.0,0.0,0.0,0,5431816309.0,5431816309
29,4.0,36.0,10.0,12.0,24.0,117.0,4.0,370.0,524.0,26.0,,,,,,,,,1,5217456252.0,5217456252
30,3.0,37.0,3.0,13.0,23.0,144.0,4.0,340.0,446.0,27.0,,,,,,,,,0,5223880830.0,5223880830
31,132.0,30.0,8.0,11.0,13.0,22.0,6.0,282.0,409.0,17.0,,,,,,,,,0,5273817215.0,5273817215
32,3.0,5.0,2.0,13.0,15.0,43.0,1.0,317.0,361.0,16.0,12471.0,374.0,0.0,1762.0,8945.0,7373.0,220.0,0.0,1,5330036869.0,5330036869
33,132.0,41.0,8.0,7.0,12.0,289.0,17.0,489.0,687.0,26.0,25144.0,2623.0,400.0,3160.0,17855.0,11266.0,1294.0,176.0,0,5330679942.0,5330679942
34,129.0,84.0,4.0,3.0,22.0,48.0,10.0,330.0,558.0,20.0,11881.0,1980.0,0.0,3610.0,7945.0,7157.0,859.0,0.0,1,5439389839.0,5439389839
35,131.0,53.0,13.0,10.0,21.0,317.0,5.0,599.0,626.0,25.0,,,,,,,,,1,4949997714.0,4949997714
37,1.0,57.0,2.0,10.0,17.0,111.0,5.0,331.0,463.0,25.0,,,,,,,,,0,4991518874.0,4991518874
38,4.0,39.0,5.0,12.0,23.0,124.0,6.0,339.0,581.0,25.0,28967.0,809.0,0.0,1251.0,15570.0,15232.0,388.0,0.0,1,5445157019.0,5445157019
39,131.0,96.0,4.0,4.0,18.0,262.0,11.0,537.0,600.0,20.0,12491.0,5565.0,0.0,5323.0,11135.0,8424.0,2501.0,0.0,1,5460955292.0,5460955292
40,131.0,57.0,1.0,10.0,18.0,57.0,11.0,331.0,594.0,25.0,,,,,,,,,0,5143029916.0,5143029916
41,1.0,57.0,3.0,11.0,31.0,44.0,2.0,281.0,606.0,26.0,25173.0,1290.0,17461.0,3723.0,10355.0,10448.0,559.0,6087.0,1,5332983971.0,5332983971
42,130.0,34.0,12.0,7.0,7.0,153.0,5.0,406.0,531.0,20.0,,,,,,,,,0,4945602723.0,4945602723
43,131.0,75.0,8.0,19.0,31.0,164.0,6.0,408.0,583.0,25.0,,,,,,,,,1,4940863653.0,4940863653
44,129.0,108.0,4.0,9.0,17.0,83.0,2.0,341.0,523.0,22.0,,,,,,,,,0,5148620967.0,5148620967
45,130.0,108.0,9.0,6.0,31.0,94.0,3.0,472.0,721.0,24.0,,,,,,,,,1,5077100720.0,5077100720
46,3.0,69.0,6.0,6.0,16.0,31.0,5.0,324.0,491.0,20.0,,,,,,,,,1,5023238334.0,5023238334
47,129.0,2.0,6.0,5.0,8.0,156.0,3.0,446.0,507.0,19.0,,,,,,,,,1,4951752894.0,4951752894
48,132.0,105.0,4.0,11.0,16.0,121.0,3.0,397.0,468.0,21.0,,,,,,,,,0,5217247427.0,5217247427
49,129.0,83.0,1.0,10.0,14.0,175.0,3.0,304.0,571.0,25.0,22696.0,265.0,2163.0,791.0,12735.0,10999.0,54.0,1228.0,0,5395155148.0,5395155148
50,131.0,23.0,2.0,7.0,13.0,245.0,4.0,394.0,469.0,21.0,,,,,,,,,0,4989597902.0,4989597902
51,129.0,53.0,9.0,8.0,23.0,396.0,9.0,684.0,604.0,24.0,,,,,,,,,1,5071202512.0,5071202512
52,4.0,107.0,2.0,7.0,17.0,72.0,6.0,642.0,1320.0,25.0,,,,,,,,,0,4894345430.0,4894345430
53,0.0,53.0,10.0,3.0,12.0,115.0,8.0,500.0,495.0,17.0,,,,,,,,,1,5016455389.0,5016455389
54,2.0,78.0,12.0,8.0,21.0,226.0,6.0,456.0,617.0,25.0,18877.0,3383.0,8436.0,3829.0,18475.0,12785.0,1636.0,2247.0,1,5462638817.0,5462638817
55,132.0,33.0,4.0,11.0,23.0,78.0,10.0,396.0,582.0,25.0,,,,,,,,,0,5109418215.0,5109418215
56,2.0,53.0,7.0,5.0,19.0,284.0,10.0,583.0,722.0,26.0,27818.0,8919.0,0.0,2969.0,22420.0,16720.0,4729.0,0.0,1,5408211177.0,5408211177
57,4.0,108.0,8.0,5.0,18.0,114.0,5.0,493.0,649.0,22.0,,,,,,,,,1,5150841065.0,5150841065
58,4.0,108.0,3.0,11.0,21.0,175.0,1.0,399.0,549.0,25.0,,,,,,,,,1,5068435691.0,5068435691
59,2.0,7.0,3.0,9.0,17.0,105.0,8.0,335.0,531.0,20.0,,,,,,,,,1,5030848751.0,5030848751
60,132.0,2.0,11.0,3.0,14.0,181.0,28.0,495.0,652.0,23.0,27798.0,4348.0,0.0,2599.0,17085.0,18156.0,1957.0,0.0,1,5415264496.0,5415264496
61,4.0,36.0,3.0,8.0,18.0,39.0,2.0,302.0,349.0,15.0,,,,,,,,,1,5232023797.0,5232023797
62,0.0,47.0,2.0,13.0,21.0,296.0,21.0,407.0,566.0,29.0,,,,,,,,,0,5153284342.0,5153284342
63,4.0,53.0,10.0,8.0,13.0,259.0,4.0,472.0,522.0,23.0,,,,,,,,,0,5160329465.0,5160329465
64,128.0,25.0,8.0,14.0,2.0,167.0,4.0,403.0,546.0,22.0,,,,,,,,,0,4899885311.0,4899885311
65,2.0,57.0,3.0,0.0,22.0,19.0,3.0,349.0,597.0,19.0,,,,,,,,,1,5076814080.0,5076814080
66,0.0,6.0,7.0,10.0,4.0,161.0,15.0,388.0,584.0,22.0,21837.0,146.0,0.0,827.0,13000.0,13667.0,50.0,0.0,0,5402437890.0,5402437890
67,1.0,71.0,2.0,8.0,23.0,60.0,3.0,236.0,534.0,23.0,18739.0,45.0,1405.0,653.0,9395.0,9965.0,34.0,517.0,0,5355852036.0,5355852036
68,131.0,47.0,16.0,7.0,20.0,251.0,18.0,587.0,784.0,25.0,,,,,,,,,1,5017964813.0,5017964813
69,0.0,108.0,3.0,5.0,24.0,118.0,6.0,392.0,491.0,19.0,15478.0,3311.0,0.0,2876.0,10865.0,11769.0,1628.0,0.0,1,5437417754.0,5437417754
70,4.0,37.0,4.0,1.0,11.0,37.0,2.0,343.0,365.0,16.0,,,,,,,,,1,5193515302.0,5193515302
71,1.0,104.0,7.0,9.0,8.0,189.0,11.0,356.0,464.0,21.0,25309.0,403.0,634.0,299.0,12925.0,15172.0,174.0,365.0,0,5375011118.0,5375011118
72,129.0,6.0,2.0,3.0,8.0,138.0,13.0,350.0,514.0,18.0,14433.0,1015.0,0.0,1192.0,8555.0,8211.0,527.0,0.0,0,5403013426.0,5403013426
73,1.0,71.0,1.0,8.0,11.0,37.0,4.0,222.0,373.0,18.0,7104.0,492.0,0.0,2513.0,8880.0,4562.0,266.0,0.0,1,5378851122.0,5378851122
74,4.0,99.0,4.0,7.0,15.0,121.0,2.0,388.0,659.0,22.0,21657.0,1798.0,3947.0,1291.0,11905.0,13785.0,777.0,937.0,1,5447338295.0,5447338295
75,132.0,95.0,7.0,8.0,6.0,145.0,14.0,338.0,446.0,18.0,12228.0,0.0,0.0,68.0,11020.0,11207.0,0.0,0.0,0,5456075065.0,5456075065
76,129.0,36.0,6.0,8.0,23.0,72.0,4.0,350.0,701.0,27.0,18953.0,1074.0,6878.0,4142.0,11280.0,8261.0,666.0,2755.0,1,5378961721.0,5378961721
77,0.0,50.0,5.0,8.0,20.0,82.0,1.0,311.0,474.0,22.0,,,,,,,,,0,4985581882.0,4985581882
78,130.0,104.0,3.0,11.0,8.0,148.0,7.0,281.0,405.0,17.0,25497.0,0.0,1053.0,1301.0,8150.0,13492.0,0.0,711.0,0,5430407484.0,5430407484
79,130.0,36.0,3.0,9.0,23.0,53.0,1.0,321.0,534.0,23.0,,,,,,,,,1,5314347324.0,5314347324
82,2.0,50.0,3.0,13.0,9.0,95.0,3.0,269.0,347.0,17.0,13453.0,1373.0,4453.0,1505.0,8690.0,10566.0,674.0,2145.0,0,5447121219.0,5447121219
83,3.0,61.0,8.0,9.0,3.0,349.0,10.0,560.0,753.0,25.0,,,,,,,,,0,4898179399.0,4898179399
84,3.0,108.0,6.0,10.0,21.0,118.0,12.0,294.0,459.0,23.0,,,,,,,,,0,5030445384.0,5030445384
85,128.0,26.0,6.0,10.0,15.0,150.0,11.0,441.0,654.0,25.0,,,,,,,,,1,5016088905.0,5016088905
86,130.0,5.0,4.0,5.0,15.0,112.0,6.0,362.0,659.0,24.0,16202.0,1034.0,0.0,5910.0,9885.0,10927.0,618.0,0.0,1,5464234315.0,5464234315
87,0.0,30.0,8.0,9.0,19.0,55.0,3.0,308.0,469.0,22.0,,,,,,,,,0,5011896651.0,5011896651
89,128.0,108.0,9.0,7.0,15.0,224.0,7.0,493.0,620.0,24.0,,,,,,,,,1,4953758036.0,4953758036
90,0.0,26.0,6.0,14.0,29.0,129.0,0.0,326.0,546.0,29.0,22268.0,0.0,400.0,3962.0,16765.0,10541.0,0.0,353.0,0,5440618840.0,5440618840
91,2.0,6.0,2.0,12.0,6.0,203.0,11.0,354.0,535.0,21.0,,,,,,,,,0,5009752416.0,5009752416
92,132.0,50.0,5.0,10.0,15.0,55.0,7.0,339.0,414.0,18.0,12653.0,400.0,7264.0,1876.0,10060.0,8842.0,179.0,4033.0,1,5378707830.0,5378707830
93,4.0,13.0,5.0,6.0,15.0,182.0,5.0,461.0,596.0,22.0,18757.0,4562.0,0.0,3440.0,15935.0,12055.0,2405.0,0.0,1,5445521783.0,5445521783
94,4.0,84.0,4.0,14.0,4.0,11.0,4.0,218.0,240.0,13.0,,,,,,,,,0,5196183926.0,5196183926
95,1.0,26.0,6.0,13.0,13.0,22.0,2.0,273.0,325.0,17.0,,,,,,,,,0,5294698875.0,5294698875
96,3.0,30.0,7.0,14.0,10.0,79.0,13.0,264.0,398.0,20.0,27598.0,36.0,381.0,239.0,9970.0,16003.0,10.0,202.0,0,5437698431.0,5437698431
97,132.0,70.0,15.0,2.0,5.0,231.0,15.0,517.0,628.0,28.0,33675.0,4842.0,1134.0,4889.0,19850.0,15704.0,2383.0,542.0,1,5450365313.0,5450365313
98,4.0,16.0,4.0,15.0,20.0,230.0,14.0,377.0,484.0,25.0,,,,,,,,,0,5014976898.0,5014976898
99,2.0,83.0,2.0,10.0,36.0,182.0,5.0,450.0,559.0,26.0,23971.0,385.0,5593.0,3247.0,20785.0,11680.0,163.0,1797.0,1,5328673164.0,5328673164
100,129.0,113.0,9.0,5.0,16.0,375.0,8.0,741.0,714.0,25.0,,,,,,,,,1,4894046604.0,4894046604
102,3.0,119.0,8.0,8.0,25.0,47.0,2.0,393.0,432.0,17.0,,,,,,,,,1,4941042079.0,4941042079
103,3.0,102.0,2.0,5.0,9.0,63.0,4.0,206.0,363.0,14.0,9028.0,0.0,636.0,358.0,6130.0,5858.0,0.0,350.0,0,5381194146.0,5381194146
104,4.0,84.0,0.0,6.0,8.0,29.0,8.0,248.0,355.0,19.0,,,,,,,,,0,5158820269.0,5158820269
105,2.0,59.0,8.0,7.0,11.0,291.0,10.0,465.0,543.0,27.0,28373.0,4170.0,0.0,5192.0,21030.0,14177.0,2120.0,0.0,1,5459601840.0,5459601840
106,131.0,26.0,3.0,2.0,17.0,17.0,2.0,310.0,374.0,16.0,,,,,,,,,1,5030871476.0,5030871476
107,4.0,30.0,4.0,7.0,14.0,68.0,4.0,374.0,529.0,25.0,,,,,,,,,1,5209053621.0,5209053621
108,128.0,53.0,4.0,4.0,16.0,168.0,1.0,378.0,469.0,20.0,,,,,,,,,0,5225372102.0,5225372102
109,3.0,37.0,1.0,8.0,12.0,15.0,3.0,166.0,289.0,13.0,9131.0,401.0,4713.0,1729.0,3575.0,5406.0,197.0,4573.0,0,5387133383.0,5387133383
110,131.0,50.0,5.0,12.0,11.0,23.0,2.0,202.0,362.0,15.0,,,,,,,,,0,5314396618.0,5314396618
111,129.0,7.0,2.0,10.0,6.0,37.0,2.0,206.0,232.0,11.0,9966.0,0.0,40.0,1594.0,4220.0,5171.0,0.0,30.0,0,5404516812.0,5404516812
112,132.0,1.0,8.0,6.0,6.0,393.0,19.0,560.0,664.0,24.0,,,,,,,,,0,5018112466.0,5018112466
113,4.0,93.0,7.0,12.0,22.0,326.0,15.0,528.0,633.0,25.0,,,,,,,,,0,5050030554.0,5050030554
115,2.0,36.0,3.0,2.0,17.0,36.0,1.0,339.0,372.0,14.0,,,,,,,,,1,5230232036.0,5230232036
116,128.0,36.0,13.0,8.0,23.0,193.0,6.0,413.0,557.0,29.0,36781.0,212.0,22551.0,4770.0,25220.0,13225.0,88.0,6152.0,0,5360695785.0,5360695785
117,129.0,36.0,2.0,7.0,6.0,69.0,3.0,209.0,257.0,13.0,7282.0,0.0,3025.0,328.0,6335.0,3932.0,0.0,1940.0,0,5408432625.0,5408432625
118,4.0,77.0,10.0,4.0,16.0,210.0,13.0,560.0,631.0,22.0,17614.0,7276.0,0.0,4163.0,15240.0,11411.0,3123.0,0.0,1,5452157427.0,5452157427
119,0.0,73.0,9.0,4.0,17.0,409.0,7.0,882.0,722.0,28.0,31546.0,15326.0,0.0,8157.0,36395.0,12267.0,8293.0,0.0,1,5450643955.0,5450643955
120,2.0,25.0,10.0,9.0,12.0,94.0,7.0,816.0,1376.0,29.0,33564.0,101.0,0.0,3632.0,20450.0,16010.0,93.0,0.0,0,5438990836.0,5438990836
121,3.0,36.0,2.0,9.0,6.0,42.0,5.0,208.0,251.0,14.0,,,,,,,,,0,5251215861.0,5251215861
122,130.0,26.0,11.0,7.0,10.0,72.0,15.0,285.0,517.0,23.0,21053.0,157.0,0.0,626.0,12835.0,12406.0,81.0,0.0,0,5464472059.0,5464472059
123,130.0,104.0,9.0,9.0,11.0,235.0,15.0,492.0,768.0,25.0,,,,,,,,,0,5015091708.0,5015091708
124,132.0,26.0,4.0,11.0,8.0,29.0,3.0,216.0,289.0,16.0,,,,,,,,,0,5016599039.0,5016599039
125,0.0,108.0,5.0,10.0,20.0,106.0,12.0,361.0,504.0,23.0,,,,,,,,,0,5200847360.0,5200847360
127,3.0,50.0,4.0,10.0,8.0,44.0,7.0,246.0,416.0,19.0,,,,,,,,,0,5091256862.0,5091256862
128,128.0,57.0,0.0,12.0,4.0,35.0,8.0,173.0,189.0,10.0,2049.0,0.0,4639.0,2052.0,2970.0,1190.0,0.0,2254.0,0,5402362402.0,5402362402
130,130.0,81.0,12.0,4.0,10.0,281.0,33.0,578.0,708.0,25.0,,,,,,,,,0,5045631526.0,5045631526
131,130.0,53.0,0.0,4.0,1.0,172.0,13.0,311.0,301.0,14.0,10736.0,2002.0,0.0,1236.0,9245.0,7052.0,944.0,0.0,0,5451256362.0,5451256362
132,4.0,2.0,3.0,9.0,12.0,200.0,13.0,419.0,628.0,25.0,17231.0,2055.0,0.0,2920.0,16185.0,10784.0,1032.0,0.0,1,5404230187.0,5404230187
133,1.0,83.0,2.0,6.0,17.0,95.0,4.0,301.0,528.0,25.0,,,,,,,,,1,5203667498.0,5203667498
134,4.0,53.0,9.0,3.0,22.0,62.0,2.0,491.0,435.0,14.0,,,,,,,,,1,5166918191.0,5166918191
135,132.0,37.0,5.0,12.0,15.0,63.0,5.0,332.0,509.0,24.0,,,,,,,,,1,5193472565.0,5193472565
136,131.0,30.0,6.0,8.0,21.0,28.0,5.0,315.0,365.0,16.0,,,,,,,,,1,5168482869.0,5168482869
137,130.0,37.0,2.0,13.0,8.0,49.0,8.0,191.0,286.0,15.0,8642.0,982.0,2640.0,296.0,7775.0,4319.0,515.0,2149.0,0,5423622716.0,5423622716
139,2.0,36.0,5.0,9.0,25.0,90.0,2.0,375.0,594.0,24.0,,,,,,,,,1,5194650183.0,5194650183
140,1.0,54.0,0.0,1.0,1.0,2.0,0.0,132.0,133.0,2.0,,,,,,,,,1,4955628114.0,4955628114
141,2.0,26.0,3.0,8.0,17.0,49.0,4.0,323.0,419.0,19.0,6711.0,826.0,0.0,2271.0,9975.0,4973.0,513.0,0.0,1,5362240102.0,5362240102
142,130.0,65.0,3.0,15.0,9.0,51.0,0.0,248.0,460.0,21.0,10678.0,130.0,0.0,1743.0,7670.0,6528.0,56.0,0.0,0,5449433704.0,5449433704
143,3.0,70.0,14.0,9.0,8.0,197.0,4.0,544.0,689.0,25.0,,,,,,,,,1,5109508715.0,5109508715
144,132.0,36.0,7.0,12.0,16.0,88.0,2.0,365.0,534.0,24.0,,,,,,,,,1,5292933741.0,5292933741
145,131.0,1.0,3.0,4.0,16.0,280.0,13.0,581.0,616.0,22.0,,,,,,,,,1,5015013998.0,5015013998
146,128.0,1.0,9.0,5.0,11.0,365.0,29.0,620.0,683.0,25.0,,,,,,,,,1,4983710317.0,4983710317
147,128.0,6.0,10.0,3.0,6.0,186.0,19.0,533.0,611.0,20.0,25457.0,11495.0,0.0,3376.0,14270.0,17852.0,5334.0,0.0,1,5388411513.0,5388411513
148,130.0,26.0,3.0,10.0,9.0,64.0,9.0,303.0,411.0,20.0,,,,,,,,,0,4904493689.0,4904493689
149,1.0,37.0,11.0,5.0,25.0,130.0,4.0,451.0,724.0,25.0,,,,,,,,,1,4953899643.0,4953899643
150,129.0,101.0,4.0,4.0,12.0,103.0,19.0,349.0,671.0,24.0,,,,,,,,,0,5040552580.0,5040552580
151,4.0,71.0,5.0,1.0,21.0,72.0,11.0,359.0,568.0,21.0,,,,,,,,,1,5222382215.0,5222382215
152,132.0,91.0,2.0,7.0,16.0,27.0,7.0,210.0,333.0,18.0,,,,,,,,,0,5288954505.0,5288954505
153,2.0,36.0,2.0,10.0,8.0,73.0,5.0,275.0,356.0,17.0,,,,,,,,,0,4991742604.0,4991742604
154,132.0,47.0,6.0,12.0,17.0,102.0,4.0,322.0,534.0,25.0,,,,,,,,,0,5211333262.0,5211333262
156,128.0,41.0,5.0,8.0,13.0,234.0,4.0,423.0,502.0,21.0,11534.0,1522.0,0.0,2106.0,14250.0,7749.0,572.0,0.0,1,5443486356.0,5443486356
157,130.0,37.0,3.0,4.0,21.0,39.0,8.0,288.0,354.0,15.0,18464.0,1511.0,4733.0,1872.0,7880.0,11598.0,725.0,3043.0,1,5461605019.0,5461605019
159,4.0,48.0,14.0,4.0,20.0,346.0,5.0,623.0,678.0,27.0,53699.0,11068.0,0.0,7983.0,20815.0,25492.0,5013.0,0.0,1,5463253674.0,5463253674
160,132.0,63.0,10.0,12.0,20.0,495.0,18.0,556.0,636.0,30.0,49406.0,817.0,0.0,5828.0,23130.0,20233.0,365.0,0.0,0,5393164970.0,5393164970
161,129.0,53.0,5.0,7.0,22.0,277.0,3.0,493.0,595.0,26.0,,,,,,,,,0,5138971310.0,5138971310
162,132.0,75.0,4.0,12.0,16.0,18.0,7.0,205.0,335.0,15.0,,,,,,,,,0,4993221295.0,4993221295
163,130.0,1.0,6.0,4.0,6.0,310.0,11.0,558.0,649.0,23.0,15516.0,12543.0,0.0,3250.0,18915.0,10075.0,5530.0,0.0,1,5436967604.0,5436967604
165,0.0,26.0,2.0,14.0,17.0,17.0,3.0,256.0,380.0,17.0,,,,,,,,,1,5114524345.0,5114524345
166,1.0,2.0,4.0,1.0,5.0,104.0,2.0,425.0,392.0,13.0,9770.0,712.0,0.0,1719.0,8240.0,8928.0,289.0,0.0,1,5433399996.0,5433399996
167,0.0,36.0,4.0,15.0,5.0,32.0,1.0,184.0,308.0,15.0,10455.0,57.0,2024.0,1329.0,5285.0,5629.0,21.0,1144.0,0,5436179138.0,5436179138
168,132.0,37.0,2.0,3.0,15.0,33.0,6.0,352.0,354.0,15.0,,,,,,,,,1,5205019333.0,5205019333
169,4.0,101.0,3.0,13.0,9.0,12.0,2.0,247.0,336.0,15.0,,,,,,,,,0,5158877896.0,5158877896
170,130.0,53.0,3.0,0.0,10.0,147.0,7.0,490.0,348.0,13.0,,,,,,,,,1,5152420557.0,5152420557
171,132.0,39.0,4.0,9.0,9.0,149.0,9.0,338.0,517.0,21.0,16177.0,140.0,0.0,1107.0,12180.0,9183.0,88.0,0.0,0,5388505807.0,5388505807
172,2.0,34.0,3.0,5.0,6.0,189.0,5.0,329.0,423.0,19.0,,,,,,,,,0,5152445138.0,5152445138
173,0.0,57.0,2.0,7.0,5.0,28.0,8.0,245.0,309.0,15.0,,,,,,,,,0,5078782687.0,5078782687
174,131.0,44.0,6.0,8.0,4.0,71.0,6.0,550.0,465.0,15.0,11690.0,0.0,0.0,1592.0,9890.0,9983.0,0.0,0.0,0,5435859686.0,5435859686
175,128.0,50.0,2.0,6.0,10.0,32.0,5.0,313.0,314.0,14.0,3824.0,584.0,3948.0,2280.0,7990.0,3723.0,372.0,1875.0,1,5344908008.0,5344908008
176,132.0,75.0,1.0,9.0,4.0,28.0,2.0,160.0,258.0,12.0,,,,,,,,,0,5217436392.0,5217436392
177,2.0,37.0,2.0,7.0,17.0,107.0,4.0,308.0,467.0,21.0,,,,,,,,,0,5152160488.0,5152160488
178,132.0,102.0,8.0,6.0,16.0,87.0,6.0,379.0,648.0,25.0,,,,,,,,,0,5135661803.0,5135661803
179,132.0,36.0,9.0,7.0,8.0,81.0,15.0,293.0,589.0,23.0,30351.0,409.0,8306.0,96.0,11080.0,14541.0,244.0,3888.0,0,5444729580.0,5444729580
180,129.0,36.0,2.0,11.0,21.0,139.0,2.0,285.0,451.0,23.0,17757.0,0.0,6931.0,3789.0,10650.0,6581.0,0.0,2745.0,0,5392763639.0,5392763639
181,3.0,84.0,1.0,13.0,21.0,53.0,3.0,328.0,440.0,26.0,,,,,,,,,1,5203596026.0,5203596026
182,131.0,30.0,4.0,9.0,15.0,26.0,11.0,247.0,378.0,16.0,,,,,,,,,0,5039108859.0,5039108859
183,2.0,95.0,13.0,3.0,9.0,222.0,20.0,544.0,796.0,25.0,23663.0,9532.0,0.0,3626.0,17405.0,15032.0,4822.0,0.0,1,5461568260.0,5461568260
184,129.0,108.0,2.0,4.0,5.0,83.0,3.0,280.0,354.0,14.0,,,,,,,,,0,5150882564.0,5150882564
185,129.0,30.0,7.0,4.0,21.0,46.0,3.0,399.0,461.0,18.0,,,,,,,,,1,5084171015.0,5084171015
186,128.0,35.0,5.0,2.0,2.0,93.0,23.0,472.0,488.0,13.0,,,,,,,,,1,4940796682.0,4940796682
187,0.0,98.0,6.0,7.0,3.0,44.0,2.0,231.0,308.0,14.0,,,,,,,,,0,5195033357.0,5195033357
188,0.0,105.0,10.0,6.0,18.0,37.0,0.0,348.0,482.0,17.0,,,,,,,,,1,5084138253.0,5084138253
190,1.0,108.0,2.0,8.0,10.0,103.0,5.0,324.0,481.0,22.0,,,,,,,,,0,5210231584.0,5210231584
191,132.0,47.0,2.0,10.0,14.0,136.0,24.0,301.0,367.0,17.0,18599.0,270.0,400.0,93.0,12455.0,13192.0,107.0,361.0,0,5373434657.0,5373434657
192,4.0,53.0,1.0,7.0,12.0,127.0,5.0,280.0,310.0,15.0,14523.0,281.0,1780.0,1565.0,10140.0,9582.0,80.0,780.0,0,5451156263.0,5451156263
193,131.0,32.0,2.0,11.0,8.0,109.0,12.0,277.0,431.0,19.0,14644.0,210.0,400.0,328.0,8170.0,6477.0,71.0,188.0,0,5330729769.0,5330729769
194,2.0,23.0,3.0,0.0,10.0,240.0,6.0,498.0,727.0,24.0,19653.0,8179.0,0.0,1906.0,18225.0,10568.0,4469.0,0.0,1,5376760630.0,5376760630
195,4.0,26.0,3.0,19.0,9.0,58.0,1.0,245.0,409.0,22.0,,,,,,,,,0,4987591489.0,4987591489
196,4.0,83.0,3.0,6.0,9.0,56.0,5.0,255.0,442.0,19.0,,,,,,,,,0,4947686213.0,4947686213
197,2.0,32.0,9.0,9.0,9.0,168.0,11.0,425.0,667.0,26.0,22456.0,2701.0,0.0,3448.0,12975.0,13106.0,1030.0,0.0,1,5438720839.0,5438720839
198,1.0,77.0,4.0,4.0,18.0,286.0,9.0,584.0,568.0,22.0,,,,,,,,,1,5068219208.0,5068219208
199,1.0,47.0,5.0,16.0,24.0,237.0,4.0,409.0,573.0,27.0,,,,,,,,,1,5152242507.0,5152242507
200,2.0,30.0,8.0,4.0,17.0,27.0,4.0,338.0,477.0,18.0,,,,,,,,,1,5014694741.0,5014694741
203,4.0,35.0,6.0,4.0,15.0,161.0,17.0,484.0,579.0,19.0,20603.0,5895.0,0.0,2918.0,11510.0,14499.0,2499.0,0.0,1,5390678877.0,5390678877
204,4.0,9.0,3.0,9.0,27.0,75.0,3.0,320.0,574.0,22.0,8813.0,389.0,4232.0,2050.0,10235.0,5197.0,152.0,1643.0,1,5453937502.0,5453937502
205,2.0,36.0,2.0,12.0,6.0,35.0,4.0,229.0,326.0,15.0,,,,,,,,,0,5298264927.0,5298264927
206,131.0,57.0,0.0,8.0,16.0,60.0,5.0,393.0,521.0,21.0,,,,,,,,,0,5166945117.0,5166945117
207,2.0,104.0,0.0,9.0,6.0,161.0,16.0,337.0,371.0,16.0,6334.0,490.0,1428.0,543.0,10210.0,4461.0,241.0,1626.0,0,5417241442.0,5417241442
208,1.0,114.0,5.0,16.0,14.0,289.0,26.0,432.0,580.0,25.0,,,,,,,,,0,5032307561.0,5032307561
209,4.0,5.0,4.0,6.0,19.0,33.0,4.0,324.0,433.0,17.0,,,,,,,,,1,5328096113.0,5328096113
210,3.0,83.0,4.0,5.0,21.0,131.0,8.0,356.0,654.0,25.0,,,,,,,,,0,5030613873.0,5030613873
211,130.0,57.0,1.0,14.0,29.0,34.0,3.0,357.0,531.0,23.0,,,,,,,,,1,5076872054.0,5076872054
212,3.0,59.0,8.0,7.0,8.0,121.0,28.0,419.0,484.0,19.0,24380.0,4669.0,0.0,965.0,13755.0,17458.0,2078.0,0.0,1,5411736440.0,5411736440
213,3.0,37.0,5.0,6.0,14.0,58.0,1.0,359.0,723.0,24.0,,,,,,,,,1,5142864761.0,5142864761
214,4.0,47.0,3.0,8.0,17.0,93.0,5.0,399.0,522.0,20.0,,,,,,,,,1,4987116416.0,4987116416
215,0.0,83.0,4.0,8.0,35.0,97.0,3.0,314.0,625.0,27.0,,,,,,,,,0,5159189380.0,5159189380
216,128.0,37.0,0.0,5.0,12.0,54.0,10.0,287.0,447.0,20.0,,,,,,,,,1,5230044042.0,5230044042
217,128.0,75.0,1.0,4.0,22.0,32.0,5.0,272.0,372.0,15.0,,,,,,,,,1,5203536779.0,5203536779
218,132.0,30.0,10.0,8.0,18.0,23.0,3.0,350.0,366.0,16.0,,,,,,,,,1,5037486988.0,5037486988
219,0.0,37.0,6.0,8.0,27.0,207.0,5.0,412.0,532.0,27.0,,,,,,,,,0,5166855056.0,5166855056
220,0.0,29.0,3.0,5.0,21.0,77.0,2.0,308.0,531.0,22.0,17208.0,600.0,832.0,5124.0,8325.0,9355.0,279.0,299.0,1,5457695635.0,5457695635
221,4.0,36.0,4.0,9.0,27.0,52.0,1.0,307.0,517.0,23.0,,,,,,,,,1,5241506709.0,5241506709
222,129.0,57.0,1.0,6.0,15.0,23.0,10.0,308.0,573.0,23.0,,,,,,,,,1,4976298901.0,4976298901
223,3.0,37.0,1.0,9.0,17.0,80.0,0.0,535.0,1532.0,25.0,,,,,,,,,0,5023185815.0,5023185815
224,0.0,28.0,8.0,6.0,15.0,244.0,17.0,425.0,560.0,24.0,13417.0,2974.0,0.0,2570.0,19665.0,10556.0,1141.0,0.0,0,5428003739.0,5428003739
225,128.0,53.0,5.0,9.0,16.0,211.0,10.0,405.0,550.0,22.0,22031.0,3109.0,3633.0,5152.0,11550.0,13262.0,1514.0,1323.0,0,5377133470.0,5377133470
226,130.0,94.0,10.0,1.0,10.0,255.0,10.0,679.0,686.0,21.0,,,,,,,,,1,4945533859.0,4945533859
227,132.0,22.0,7.0,4.0,23.0,151.0,8.0,433.0,608.0,23.0,45113.0,1598.0,125.0,6125.0,11125.0,26687.0,612.0,82.0,1,5387428773.0,5387428773
229,4.0,104.0,3.0,7.0,7.0,96.0,11.0,289.0,404.0,17.0,,,,,,,,,0,5142895529.0,5142895529
230,3.0,8.0,2.0,11.0,5.0,79.0,9.0,232.0,296.0,13.0,10205.0,445.0,1347.0,438.0,5210.0,5713.0,175.0,616.0,0,5461230509.0,5461230509
231,129.0,26.0,2.0,17.0,16.0,32.0,2.0,259.0,319.0,17.0,,,,,,,,,1,5114571694.0,5114571694
232,129.0,105.0,11.0,4.0,11.0,243.0,1.0,466.0,579.0,25.0,,,,,,,,,0,5168524213.0,5168524213
233,131.0,54.0,4.0,7.0,6.0,150.0,17.0,343.0,442.0,18.0,,,,,,,,,0,5217586105.0,5217586105
234,130.0,36.0,6.0,5.0,25.0,160.0,1.0,406.0,567.0,26.0,,,,,,,,,1,5286026173.0,5286026173
235,1.0,120.0,1.0,9.0,5.0,43.0,1.0,500.0,977.0,21.0,,,,,,,,,0,4877886397.0,4877886397
236,0.0,57.0,0.0,9.0,19.0,73.0,9.0,356.0,541.0,25.0,,,,,,,,,1,5030771648.0,5030771648
237,1.0,71.0,13.0,4.0,20.0,101.0,4.0,490.0,728.0,23.0,,,,,,,,,1,5142682564.0,5142682564
238,130.0,75.0,0.0,4.0,27.0,48.0,9.0,306.0,525.0,21.0,,,,,,,,,1,5164035013.0,5164035013
239,3.0,59.0,3.0,19.0,10.0,193.0,14.0,343.0,410.0,23.0,,,,,,,,,0,5210164168.0,5210164168
240,2.0,80.0,9.0,5.0,20.0,348.0,3.0,619.0,713.0,28.0,,,,,,,,,1,5131330506.0,5131330506
241,132.0,44.0,13.0,8.0,8.0,288.0,22.0,574.0,705.0,26.0,24563.0,5185.0,0.0,4035.0,19095.0,15729.0,2728.0,0.0,1,5429836747.0,5429836747
242,1.0,8.0,8.0,11.0,15.0,335.0,13.0,514.0,676.0,27.0,32222.0,1432.0,7325.0,1991.0,21540.0,14006.0,555.0,1807.0,1,5447513037.0,5447513037
243,130.0,84.0,8.0,2.0,20.0,102.0,9.0,433.0,684.0,26.0,,,,,,,,,1,5157596116.0,5157596116
244,131.0,41.0,9.0,3.0,24.0,172.0,12.0,534.0,767.0,24.0,,,,,,,,,1,5131371477.0,5131371477
246,130.0,47.0,2.0,11.0,10.0,71.0,9.0,298.0,474.0,20.0,,,,,,,,,0,5023124446.0,5023124446
247,1.0,42.0,5.0,4.0,16.0,168.0,5.0,368.0,564.0,22.0,12340.0,2846.0,5798.0,3959.0,11440.0,7842.0,1360.0,1560.0,1,5441283045.0,5441283045
248,131.0,88.0,3.0,5.0,15.0,74.0,8.0,329.0,579.0,23.0,15122.0,514.0,0.0,3575.0,11770.0,7749.0,280.0,0.0,1,5409029108.0,5409029108
249,131.0,108.0,6.0,4.0,22.0,128.0,21.0,360.0,590.0,25.0,,,,,,,,,1,5020906487.0,5020906487
250,132.0,32.0,14.0,8.0,12.0,166.0,28.0,458.0,614.0,25.0,,,,,,,,,1,5072657402.0,5072657402
251,4.0,37.0,11.0,9.0,20.0,143.0,1.0,426.0,821.0,25.0,,,,,,,,,0,4948022272.0,4948022272
252,130.0,37.0,1.0,6.0,25.0,35.0,11.0,301.0,543.0,22.0,,,,,,,,,1,5233173506.0,5233173506
253,128.0,45.0,3.0,10.0,10.0,47.0,2.0,601.0,1295.0,25.0,,,,,,,,,0,4894514179.0,4894514179
254,131.0,99.0,6.0,9.0,31.0,450.0,16.0,552.0,616.0,30.0,69845.0,3742.0,0.0,4962.0,32820.0,27169.0,1373.0,0.0,1,5414136841.0,5414136841
255,131.0,38.0,2.0,8.0,18.0,210.0,16.0,353.0,631.0,24.0,16254.0,3132.0,0.0,2303.0,11345.0,8893.0,1198.0,0.0,0,5406729241.0,5406729241
256,3.0,37.0,1.0,8.0,18.0,45.0,1.0,319.0,391.0,17.0,,,,,,,,,1,5164334108.0,5164334108
257,0.0,35.0,13.0,6.0,5.0,220.0,5.0,628.0,593.0,21.0,,,,,,,,,1,4886041630.0,4886041630
259,129.0,101.0,4.0,12.0,5.0,31.0,5.0,252.0,324.0,16.0,17867.0,20.0,0.0,706.0,7835.0,12605.0,11.0,0.0,0,5347292206.0,5347292206
260,2.0,44.0,2.0,11.0,5.0,119.0,14.0,266.0,435.0,20.0,9701.0,0.0,0.0,1074.0,9565.0,5505.0,0.0,0.0,0,5454007344.0,5454007344
261,129.0,101.0,3.0,2.0,1.0,7.0,2.0,240.0,301.0,7.0,,,,,,,,,1,4955636784.0,4955636784
262,131.0,26.0,3.0,11.0,19.0,84.0,5.0,419.0,535.0,25.0,,,,,,,,,1,4974529587.0,4974529587
263,130.0,36.0,7.0,7.0,13.0,64.0,3.0,266.0,488.0,22.0,24199.0,172.0,7633.0,1272.0,9900.0,11163.0,83.0,4274.0,0,5367315515.0,5367315515
265,1.0,48.0,12.0,8.0,15.0,228.0,6.0,544.0,763.0,25.0,,,,,,,,,1,4894129231.0,4894129231
266,132.0,82.0,10.0,3.0,4.0,175.0,16.0,550.0,491.0,17.0,12559.0,8683.0,0.0,3064.0,15090.0,9099.0,4240.0,0.0,1,5455377488.0,5455377488
267,0.0,47.0,9.0,2.0,20.0,176.0,11.0,549.0,757.0,23.0,,,,,,,,,1,4983780437.0,4983780437
268,2.0,109.0,7.0,11.0,15.0,356.0,15.0,429.0,503.0,27.0,67522.0,5052.0,0.0,271.0,23350.0,21894.0,2299.0,0.0,0,5449170012.0,5449170012
269,3.0,26.0,4.0,7.0,17.0,57.0,2.0,309.0,427.0,20.0,,,,,,,,,1,5221899356.0,5221899356
271,132.0,36.0,11.0,3.0,15.0,211.0,17.0,543.0,710.0,23.0,33533.0,2000.0,7667.0,3090.0,17115.0,18524.0,1021.0,3583.0,1,5435716712.0,5435716712
272,0.0,37.0,2.0,2.0,11.0,33.0,7.0,286.0,476.0,19.0,,,,,,,,,1,5221839978.0,5221839978
273,132.0,22.0,4.0,8.0,18.0,141.0,13.0,344.0,595.0,22.0,,,,,,,,,0,4980032625.0,4980032625
274,1.0,61.0,2.0,10.0,4.0,125.0,3.0,296.0,281.0,14.0,,,,,,,,,0,4899832945.0,4899832945
275,1.0,37.0,2.0,7.0,11.0,64.0,3.0,241.0,347.0,16.0,,,,,,,,,0,5236765813.0,5236765813
276,129.0,4.0,8.0,5.0,10.0,246.0,15.0,518.0,707.0,24.0,16563.0,4005.0,0.0,4497.0,14880.0,10698.0,1733.0,0.0,1,5459254398.0,5459254398
277,130.0,29.0,5.0,8.0,23.0,295.0,4.0,397.0,599.0,27.0,42349.0,399.0,10235.0,58.0,20345.0,17994.0,180.0,2618.0,0,5457626255.0,5457626255
278,2.0,15.0,2.0,8.0,8.0,49.0,0.0,684.0,1325.0,25.0,,,,,,,,,0,4877841554.0,4877841554
279,3.0,105.0,5.0,7.0,13.0,246.0,1.0,396.0,533.0,25.0,,,,,,,,,0,5256488084.0,5256488084
280,129.0,102.0,5.0,11.0,25.0,91.0,5.0,388.0,606.0,25.0,,,,,,,,,1,5101442197.0,5101442197
281,130.0,33.0,5.0,11.0,22.0,66.0,2.0,361.0,485.0,20.0,,,,,,,,,1,5068514455.0,5068514455
282,3.0,36.0,5.0,9.0,7.0,80.0,5.0,322.0,415.0,21.0,,,,,,,,,1,5296868505.0,5296868505
283,130.0,37.0,3.0,8.0,18.0,73.0,11.0,304.0,470.0,21.0,10275.0,5459.0,11007.0,883.0,12365.0,6395.0,2297.0,5788.0,1,5384740007.0,5384740007
284,2.0,26.0,4.0,8.0,10.0,49.0,1.0,246.0,395.0,19.0,8086.0,396.0,0.0,835.0,10425.0,7038.0,189.0,0.0,1,5440785577.0,5440785577
285,0.0,36.0,8.0,15.0,30.0,157.0,6.0,389.0,562.0,25.0,,,,,,,,,1,5017924778.0,5017924778
286,128.0,105.0,8.0,8.0,26.0,145.0,1.0,431.0,578.0,30.0,,,,,,,,,1,5149981871.0,5149981871
287,129.0,105.0,1.0,5.0,17.0,116.0,0.0,364.0,551.0,22.0,20395.0,1027.0,672.0,3135.0,12320.0,11789.0,558.0,224.0,1,5449229493.0,5449229493
288,128.0,80.0,2.0,4.0,5.0,236.0,10.0,513.0,506.0,18.0,7258.0,4944.0,0.0,3051.0,13155.0,6545.0,2619.0,0.0,1,5442497733.0,5442497733
290,2.0,41.0,11.0,4.0,19.0,475.0,22.0,703.0,793.0,25.0,,,,,,,,,1,5066527955.0,5066527955
291,132.0,41.0,3.0,6.0,5.0,138.0,10.0,340.0,466.0,18.0,,,,,,,,,0,5114451157.0,5114451157
292,128.0,101.0,12.0,14.0,10.0,119.0,12.0,365.0,651.0,25.0,,,,,,,,,0,5108217049.0,5108217049
294,2.0,42.0,2.0,8.0,16.0,258.0,10.0,468.0,581.0,22.0,,,,,,,,,0,4987493599.0,4987493599
295,130.0,61.0,2.0,10.0,11.0,166.0,6.0,334.0,400.0,19.0,,,,,,,,,0,4989451496.0,4989451496
297,1.0,70.0,12.0,7.0,9.0,209.0,12.0,444.0,634.0,24.0,35812.0,2613.0,0.0,264.0,19415.0,21758.0,1011.0,0.0,0,5442915563.0,5442915563
298,2.0,83.0,8.0,1.0,13.0,73.0,0.0,346.0,493.0,19.0,12078.0,1486.0,3248.0,3593.0,8970.0,9983.0,555.0,1797.0,1,5388690680.0,5388690680
299,0.0,36.0,2.0,16.0,21.0,55.0,1.0,289.0,363.0,21.0,,,,,,,,,1,5195083001.0,5195083001
300,4.0,66.0,8.0,3.0,21.0,177.0,5.0,414.0,742.0,26.0,10034.0,3577.0,10993.0,2741.0,16495.0,7907.0,1638.0,3845.0,1,5457468671.0,5457468671
301,0.0,82.0,11.0,4.0,5.0,265.0,13.0,582.0,700.0,23.0,17474.0,12401.0,0.0,6276.0,13225.0,15156.0,5763.0,0.0,1,5456227589.0,5456227589
302,128.0,5.0,3.0,8.0,20.0,56.0,6.0,316.0,530.0,20.0,,,,,,,,,1,5328018693.0,5328018693
304,128.0,26.0,2.0,17.0,11.0,46.0,3.0,247.0,323.0,22.0,12593.0,287.0,0.0,2819.0,9910.0,6066.0,156.0,0.0,1,5330527500.0,5330527500
305,1.0,71.0,11.0,12.0,29.0,120.0,4.0,370.0,612.0,25.0,,,,,,,,,1,4991886611.0,4991886611
306,3.0,83.0,1.0,7.0,13.0,51.0,3.0,264.0,437.0,19.0,14718.0,2058.0,2004.0,464.0,10685.0,8365.0,842.0,1583.0,1,5390937368.0,5390937368
308,1.0,35.0,7.0,8.0,16.0,178.0,17.0,470.0,578.0,21.0,23866.0,3547.0,0.0,519.0,15600.0,15483.0,1986.0,0.0,1,5436101920.0,5436101920
309,1.0,33.0,1.0,4.0,16.0,89.0,8.0,332.0,422.0,18.0,,,,,,,,,1,5164447010.0,5164447010
310,130.0,26.0,3.0,10.0,12.0,52.0,5.0,262.0,390.0,19.0,,,,,,,,,0,4980073765.0,4980073765
312,0.0,50.0,3.0,3.0,20.0,176.0,5.0,463.0,546.0,22.0,17022.0,4426.0,5878.0,3825.0,14605.0,11731.0,2029.0,2740.0,1,5463213356.0,5463213356
313,132.0,36.0,8.0,3.0,21.0,48.0,5.0,378.0,541.0,19.0,,,,,,,,,1,5300647212.0,5300647212
314,3.0,7.0,1.0,10.0,7.0,68.0,2.0,210.0,254.0,11.0,,,,,,,,,0,5091087679.0,5091087679
315,3.0,77.0,5.0,7.0,11.0,199.0,12.0,382.0,509.0,22.0,14242.0,5245.0,1351.0,2486.0,12720.0,8286.0,2173.0,479.0,0,5408716106.0,5408716106
316,132.0,72.0,4.0,2.0,10.0,55.0,7.0,833.0,1273.0,22.0,,,,,,,,,1,4886089036.0,4886089036
317,3.0,53.0,3.0,12.0,12.0,131.0,4.0,300.0,347.0,17.0,16199.0,678.0,1191.0,247.0,11825.0,9073.0,267.0,457.0,0,5444949325.0,5444949325
319,0.0,32.0,5.0,6.0,13.0,209.0,17.0,385.0,624.0,24.0,22666.0,384.0,0.0,2509.0,13795.0,11800.0,167.0,0.0,0,5462762833.0,5462762833
320,1.0,18.0,10.0,6.0,15.0,344.0,9.0,613.0,730.0,25.0,,,,,,,,,1,4979791187.0,4979791187
321,132.0,30.0,8.0,8.0,12.0,20.0,6.0,252.0,364.0,17.0,,,,,,,,,0,5013734746.0,5013734746
322,130.0,30.0,7.0,4.0,19.0,61.0,5.0,366.0,640.0,25.0,,,,,,,,,1,4991827290.0,4991827290
323,0.0,9.0,5.0,8.0,10.0,91.0,4.0,281.0,401.0,19.0,,,,,,,,,0,5220719965.0,5220719965
324,132.0,42.0,5.0,6.0,11.0,214.0,9.0,437.0,629.0,23.0,,,,,,,,,0,4906024290.0,4906024290
325,0.0,16.0,3.0,10.0,14.0,135.0,8.0,312.0,399.0,17.0,16838.0,0.0,0.0,3961.0,6595.0,9979.0,0.0,0.0,0,5422062947.0,5422062947
326,3.0,35.0,6.0,8.0,11.0,284.0,33.0,435.0,669.0,25.0,37520.0,1223.0,0.0,1599.0,16915.0,20599.0,547.0,0.0,0,5393042789.0,5393042789
327,2.0,109.0,11.0,7.0,11.0,328.0,5.0,613.0,698.0,26.0,40750.0,7704.0,0.0,4057.0,23310.0,21271.0,4227.0,0.0,1,5354511729.0,5354511729
328,132.0,108.0,1.0,8.0,23.0,88.0,8.0,296.0,427.0,18.0,,,,,,,,,1,5081353587.0,5081353587
329,1.0,57.0,1.0,6.0,23.0,34.0,1.0,259.0,529.0,26.0,6835.0,446.0,9570.0,3621.0,11355.0,4305.0,243.0,3736.0,1,5364512119.0,5364512119
331,130.0,81.0,11.0,3.0,10.0,263.0,12.0,700.0,677.0,23.0,,,,,,,,,1,4945567109.0,4945567109
332,128.0,2.0,9.0,7.0,12.0,102.0,10.0,377.0,464.0,20.0,27693.0,2285.0,400.0,1257.0,13620.0,19581.0,1145.0,234.0,1,5455441287.0,5455441287
333,130.0,47.0,13.0,7.0,11.0,193.0,14.0,493.0,666.0,24.0,,,,,,,,,1,5152281992.0,5152281992
334,132.0,84.0,4.0,3.0,21.0,18.0,5.0,331.0,515.0,18.0,,,,,,,,,1,5141818767.0,5141818767
335,2.0,95.0,15.0,10.0,10.0,273.0,15.0,478.0,708.0,29.0,50090.0,2665.0,0.0,3413.0,21515.0,24129.0,1299.0,0.0,0,5461511568.0,5461511568
336,128.0,32.0,6.0,11.0,10.0,41.0,6.0,236.0,328.0,14.0,,,,,,,,,0,5066636694.0,5066636694
337,128.0,23.0,4.0,5.0,19.0,176.0,3.0,471.0,720.0,24.0,,,,,,,,,1,5132445083.0,5132445083
338,4.0,22.0,10.0,7.0,31.0,117.0,12.0,444.0,700.0,29.0,69083.0,974.0,125.0,3439.0,21770.0,32577.0,461.0,37.0,1,5425466780.0,5425466780
339,130.0,57.0,1.0,10.0,18.0,115.0,7.0,283.0,464.0,25.0,,,,,,,,,0,5301853606.0,5301853606
341,130.0,4.0,0.0,3.0,0.0,22.0,5.0,352.0,205.0,5.0,,,,,,,,,0,5214668207.0,5214668207
342,4.0,69.0,4.0,12.0,11.0,60.0,3.0,656.0,1596.0,25.0,,,,,,,,,0,4949865913.0,4949865913
343,3.0,36.0,4.0,7.0,7.0,83.0,5.0,250.0,367.0,17.0,17891.0,482.0,3366.0,616.0,7500.0,8195.0,219.0,1827.0,0,5336632762.0,5336632762
344,130.0,6.0,14.0,8.0,18.0,423.0,22.0,597.0,727.0,30.0,56482.0,1174.0,0.0,4658.0,26075.0,25129.0,715.0,0.0,0,5459373499.0,5459373499
345,132.0,57.0,1.0,9.0,24.0,71.0,5.0,301.0,570.0,25.0,11896.0,929.0,11462.0,2722.0,11455.0,6246.0,398.0,3309.0,1,5413455298.0,5413455298
346,131.0,26.0,5.0,5.0,12.0,49.0,2.0,342.0,617.0,25.0,,,,,,,,,1,5199611337.0,5199611337
347,2.0,30.0,3.0,14.0,16.0,44.0,2.0,281.0,387.0,20.0,,,,,,,,,0,5111602634.0,5111602634
348,4.0,95.0,2.0,8.0,6.0,119.0,8.0,258.0,342.0,14.0,11870.0,0.0,0.0,225.0,7030.0,7892.0,0.0,0.0,0,5454177742.0,5454177742
349,130.0,60.0,7.0,2.0,13.0,175.0,16.0,522.0,662.0,21.0,13179.0,5966.0,0.0,2244.0,13285.0,9669.0,2838.0,0.0,1,5432075732.0,5432075732
350,130.0,22.0,6.0,8.0,19.0,45.0,4.0,267.0,384.0,21.0,49815.0,0.0,0.0,1110.0,10395.0,21063.0,0.0,0.0,0,5437756894.0,5437756894
351,0.0,26.0,4.0,7.0,7.0,42.0,4.0,311.0,433.0,17.0,6307.0,410.0,0.0,2499.0,7670.0,4764.0,195.0,0.0,1,5400671712.0,5400671712
352,128.0,5.0,4.0,6.0,17.0,36.0,10.0,296.0,457.0,18.0,16473.0,466.0,0.0,1423.0,9385.0,9460.0,247.0,0.0,1,5449391585.0,5449391585
353,2.0,47.0,20.0,15.0,26.0,152.0,10.0,466.0,753.0,25.0,,,,,,,,,1,5091128808.0,5091128808
355,132.0,108.0,2.0,13.0,16.0,69.0,3.0,275.0,381.0,18.0,,,,,,,,,0,5081392618.0,5081392618
356,3.0,36.0,10.0,6.0,17.0,105.0,4.0,338.0,535.0,26.0,,,,,,,,,1,5254716914.0,5254716914
357,0.0,37.0,4.0,7.0,7.0,53.0,2.0,226.0,306.0,17.0,,,,,,,,,0,5205044723.0,5205044723
358,2.0,26.0,3.0,13.0,13.0,33.0,0.0,262.0,490.0,21.0,,,,,,,,,0,4953994738.0,4953994738
359,1.0,60.0,4.0,8.0,23.0,208.0,5.0,400.0,575.0,25.0,,,,,,,,,0,5068275190.0,5068275190
360,1.0,37.0,1.0,10.0,10.0,43.0,0.0,223.0,363.0,17.0,13703.0,372.0,5916.0,1278.0,7080.0,6933.0,157.0,3039.0,0,5390872056.0,5390872056
361,131.0,36.0,2.0,10.0,6.0,38.0,3.0,202.0,232.0,12.0,,,,,,,,,0,5266623994.0,5266623994
362,2.0,26.0,5.0,7.0,19.0,35.0,3.0,322.0,467.0,20.0,,,,,,,,,1,5016184321.0,5016184321
363,130.0,1.0,10.0,2.0,16.0,400.0,12.0,652.0,739.0,27.0,23212.0,7673.0,0.0,4948.0,25290.0,13881.0,3819.0,0.0,1,5459967494.0,5459967494
364,131.0,26.0,8.0,11.0,15.0,32.0,3.0,261.0,544.0,23.0,14766.0,542.0,300.0,1895.0,8305.0,11127.0,254.0,109.0,0,5410065926.0,5410065926
365,128.0,1.0,1.0,4.0,3.0,228.0,13.0,400.0,460.0,19.0,3626.0,230.0,0.0,675.0,13995.0,2279.0,183.0,0.0,0,5437521416.0,5437521416
366,129.0,26.0,11.0,17.0,24.0,233.0,7.0,430.0,613.0,25.0,,,,,,,,,1,4974712326.0,4974712326
367,4.0,26.0,6.0,8.0,15.0,50.0,5.0,336.0,469.0,21.0,,,,,,,,,1,4947488264.0,4947488264
368,4.0,105.0,7.0,10.0,28.0,142.0,1.0,475.0,581.0,30.0,,,,,,,,,1,5137387024.0,5137387024
369,1.0,60.0,6.0,7.0,10.0,97.0,8.0,401.0,464.0,18.0,12372.0,2222.0,1506.0,3209.0,9270.0,9035.0,1172.0,508.0,1,5433331220.0,5433331220
370,131.0,50.0,5.0,12.0,27.0,172.0,10.0,368.0,649.0,25.0,,,,,,,,,0,4962063892.0,4962063892
371,128.0,101.0,0.0,12.0,9.0,60.0,2.0,188.0,404.0,19.0,20055.0,0.0,0.0,921.0,6195.0,11292.0,0.0,0.0,0,5422022167.0,5422022167
372,4.0,50.0,6.0,4.0,21.0,62.0,0.0,412.0,642.0,20.0,,,,,,,,,1,4978497048.0,4978497048
373,132.0,36.0,3.0,3.0,13.0,9.0,1.0,265.0,353.0,13.0,5517.0,233.0,3094.0,2175.0,4430.0,3940.0,145.0,1832.0,1,5332930074.0,5332930074
374,129.0,42.0,2.0,5.0,17.0,192.0,12.0,390.0,663.0,24.0,12767.0,8090.0,3879.0,2890.0,14215.0,7689.0,3876.0,1208.0,1,5453870619.0,5453870619
375,129.0,30.0,9.0,7.0,25.0,60.0,6.0,388.0,668.0,25.0,,,,,,,,,1,5013063196.0,5013063196
376,130.0,26.0,1.0,7.0,9.0,36.0,2.0,267.0,460.0,20.0,,,,,,,,,1,5282450973.0,5282450973
377,3.0,37.0,4.0,9.0,24.0,53.0,6.0,309.0,460.0,24.0,,,,,,,,,0,5244610077.0,5244610077
378,4.0,79.0,2.0,6.0,21.0,51.0,3.0,269.0,482.0,22.0,,,,,,,,,1,5006186015.0,5006186015
380,131.0,47.0,6.0,10.0,18.0,307.0,7.0,444.0,496.0,24.0,,,,,,,,,0,5042130468.0,5042130468
381,129.0,36.0,10.0,5.0,23.0,30.0,5.0,368.0,394.0,15.0,,,,,,,,,1,5282418213.0,5282418213
382,130.0,68.0,3.0,12.0,27.0,56.0,9.0,369.0,463.0,25.0,,,,,,,,,1,5040596529.0,5040596529
383,128.0,10.0,1.0,8.0,4.0,113.0,18.0,242.0,338.0,15.0,7607.0,0.0,1492.0,1337.0,6570.0,5372.0,0.0,909.0,0,5421579837.0,5421579837
384,1.0,53.0,4.0,5.0,28.0,192.0,2.0,426.0,617.0,23.0,19632.0,3913.0,0.0,2767.0,13230.0,10435.0,1967.0,0.0,1,5435637311.0,5435637311
385,128.0,107.0,1.0,11.0,15.0,58.0,7.0,254.0,391.0,19.0,,,,,,,,,0,4878378560.0,4878378560
386,129.0,50.0,7.0,9.0,9.0,103.0,10.0,304.0,529.0,24.0,,,,,,,,,0,5009530438.0,5009530438
387,0.0,81.0,3.0,7.0,15.0,199.0,14.0,362.0,562.0,25.0,,,,,,,,,0,5134030408.0,5134030408
388,132.0,43.0,14.0,7.0,19.0,155.0,30.0,411.0,604.0,25.0,43163.0,2711.0,0.0,5750.0,13390.0,21887.0,1156.0,0.0,1,5448734288.0,5448734288
389,132.0,37.0,1.0,8.0,24.0,103.0,7.0,315.0,444.0,22.0,,,,,,,,,1,5193553493.0,5193553493
390,2.0,108.0,3.0,17.0,28.0,102.0,3.0,312.0,499.0,25.0,,,,,,,,,0,5082719830.0,5082719830
391,128.0,12.0,3.0,8.0,6.0,50.0,7.0,248.0,368.0,15.0,,,,,,,,,0,5022858840.0,5022858840
392,4.0,36.0,4.0,6.0,15.0,103.0,8.0,321.0,615.0,24.0,,,,,,,,,1,5230200421.0,5230200421
393,129.0,47.0,7.0,6.0,12.0,241.0,29.0,491.0,680.0,25.0,24611.0,3782.0,0.0,4624.0,16945.0,15336.0,1983.0,0.0,1,5387378283.0,5387378283
394,4.0,37.0,0.0,7.0,2.0,1.0,1.0,105.0,95.0,6.0,1851.0,0.0,2025.0,1.0,1315.0,1762.0,0.0,2270.0,0,5426876013.0,5426876013
395,131.0,105.0,7.0,10.0,14.0,163.0,1.0,486.0,745.0,26.0,,,,,,,,,1,5132564079.0,5132564079
396,2.0,86.0,2.0,14.0,6.0,49.0,4.0,284.0,344.0,14.0,,,,,,,,,0,4897943152.0,4897943152
397,132.0,26.0,4.0,11.0,24.0,29.0,2.0,256.0,490.0,23.0,,,,,,,,,0,5017642611.0,5017642611
398,4.0,105.0,11.0,9.0,14.0,47.0,1.0,421.0,563.0,19.0,,,,,,,,,1,5018076789.0,5018076789
399,1.0,47.0,11.0,8.0,6.0,169.0,21.0,443.0,503.0,20.0,29361.0,782.0,0.0,487.0,14805.0,18257.0,459.0,0.0,0,5337011832.0,5337011832
400,131.0,80.0,2.0,7.0,1.0,215.0,7.0,366.0,453.0,19.0,8481.0,1746.0,0.0,461.0,13010.0,4712.0,892.0,0.0,0,5335107192.0,5335107192
401,128.0,1.0,5.0,11.0,7.0,424.0,15.0,513.0,600.0,26.0,,,,,,,,,0,5326927483.0,5326927483
403,2.0,15.0,4.0,4.0,10.0,129.0,3.0,1189.0,1613.0,25.0,,,,,,,,,1,4905985665.0,4905985665
404,1.0,67.0,18.0,3.0,22.0,363.0,18.0,644.0,740.0,28.0,70351.0,5388.0,0.0,6063.0,24090.0,30757.0,2548.0,0.0,1,5417535106.0,5417535106
405,131.0,77.0,13.0,3.0,21.0,302.0,12.0,569.0,688.0,24.0,21060.0,9085.0,0.0,5008.0,16790.0,15730.0,3895.0,0.0,1,5436817030.0,5436817030
406,3.0,84.0,2.0,11.0,34.0,71.0,2.0,337.0,539.0,25.0,,,,,,,,,1,5108041354.0,5108041354
407,130.0,23.0,5.0,7.0,5.0,192.0,7.0,377.0,437.0,18.0,15390.0,0.0,0.0,1328.0,10205.0,10265.0,0.0,0.0,0,5395033742.0,5395033742
408,1.0,39.0,8.0,9.0,7.0,147.0,4.0,316.0,488.0,21.0,21602.0,749.0,0.0,1469.0,11340.0,14909.0,439.0,0.0,0,5445019285.0,5445019285
409,2.0,37.0,2.0,6.0,16.0,68.0,7.0,298.0,459.0,21.0,,,,,,,,,1,4963747477.0,4963747477
410,1.0,64.0,3.0,10.0,23.0,175.0,14.0,406.0,681.0,24.0,41242.0,3452.0,0.0,1331.0,13465.0,21244.0,1453.0,0.0,0,5453794983.0,5453794983
411,3.0,15.0,8.0,1.0,2.0,90.0,9.0,456.0,574.0,14.0,12604.0,1605.0,0.0,1006.0,7985.0,10663.0,834.0,0.0,1,5435502251.0,5435502251
412,1.0,36.0,6.0,4.0,19.0,76.0,3.0,403.0,485.0,18.0,,,,,,,,,1,5290985140.0,5290985140
413,132.0,114.0,4.0,6.0,6.0,165.0,13.0,1023.0,1060.0,25.0,,,,,,,,,1,4898113204.0,4898113204
414,130.0,108.0,1.0,9.0,6.0,113.0,8.0,284.0,373.0,15.0,14697.0,70.0,0.0,1171.0,6870.0,8894.0,34.0,0.0,0,5433704149.0,5433704149
415,131.0,30.0,5.0,9.0,6.0,38.0,6.0,252.0,388.0,17.0,,,,,,,,,0,4992843478.0,4992843478
416,129.0,36.0,3.0,8.0,4.0,38.0,5.0,209.0,371.0,17.0,11953.0,291.0,5011.0,218.0,7280.0,5689.0,183.0,3049.0,0,5354311388.0,5354311388
417,3.0,80.0,3.0,8.0,12.0,313.0,3.0,459.0,534.0,26.0,,,,,,,,,0,5131400924.0,5131400924
418,3.0,93.0,3.0,10.0,15.0,206.0,12.0,346.0,501.0,22.0,16383.0,208.0,0.0,69.0,13750.0,8312.0,149.0,0.0,0,5421637342.0,5421637342
421,4.0,129.0,0.0,2.0,11.0,30.0,5.0,261.0,364.0,11.0,,,,,,,,,1,4991592168.0,4991592168
423,0.0,71.0,11.0,4.0,17.0,59.0,6.0,356.0,505.0,20.0,,,,,,,,,1,5222602475.0,5222602475
424,1.0,41.0,15.0,4.0,15.0,285.0,8.0,645.0,697.0,27.0,33408.0,8390.0,0.0,2899.0,24495.0,20741.0,4699.0,0.0,1,5328735986.0,5328735986
425,131.0,13.0,1.0,8.0,5.0,231.0,13.0,366.0,555.0,23.0,14389.0,622.0,0.0,1159.0,12140.0,7409.0,408.0,0.0,0,5445299958.0,5445299958
426,128.0,36.0,7.0,5.0,23.0,66.0,1.0,322.0,449.0,19.0,,,,,,,,,1,5168449273.0,5168449273
427,0.0,83.0,1.0,8.0,6.0,27.0,1.0,178.0,304.0,15.0,,,,,,,,,0,4979873529.0,4979873529
428,1.0,35.0,5.0,12.0,52.0,598.0,8.0,564.0,512.0,30.0,68953.0,132.0,400.0,10299.0,37790.0,21661.0,74.0,373.0,0,5458034435.0,5458034435
430,128.0,36.0,7.0,7.0,8.0,99.0,3.0,293.0,390.0,18.0,,,,,,,,,0,5328170762.0,5328170762
431,1.0,93.0,3.0,9.0,7.0,152.0,10.0,338.0,468.0,19.0,,,,,,,,,0,5280655116.0,5280655116
432,129.0,75.0,8.0,6.0,12.0,58.0,11.0,320.0,480.0,21.0,,,,,,,,,0,5166812942.0,5166812942
433,130.0,36.0,3.0,7.0,13.0,37.0,1.0,275.0,355.0,17.0,7809.0,259.0,6818.0,3544.0,7660.0,4984.0,138.0,2169.0,1,5334073103.0,5334073103
434,128.0,36.0,1.0,8.0,4.0,23.0,2.0,186.0,273.0,11.0,,,,,,,,,0,5320460047.0,5320460047
435,1.0,77.0,2.0,6.0,23.0,417.0,9.0,550.0,645.0,25.0,,,,,,,,,1,5101209361.0,5101209361
436,3.0,52.0,11.0,15.0,17.0,210.0,5.0,467.0,563.0,24.0,,,,,,,,,0,4963860239.0,4963860239
437,128.0,95.0,9.0,8.0,6.0,204.0,13.0,465.0,634.0,24.0,17559.0,10662.0,0.0,544.0,18930.0,12102.0,5264.0,0.0,1,5441507104.0,5441507104
438,0.0,50.0,2.0,7.0,16.0,102.0,5.0,346.0,513.0,22.0,10298.0,215.0,7200.0,4563.0,10765.0,7669.0,105.0,2904.0,1,5376827188.0,5376827188
439,4.0,46.0,3.0,7.0,11.0,108.0,6.0,417.0,546.0,20.0,,,,,,,,,1,5107967799.0,5107967799
440,1.0,70.0,9.0,5.0,13.0,194.0,4.0,409.0,713.0,26.0,29924.0,770.0,3038.0,2006.0,16140.0,13284.0,300.0,1332.0,0,5439491897.0,5439491897
441,131.0,36.0,7.0,5.0,22.0,34.0,12.0,350.0,463.0,19.0,,,,,,,,,1,5284396868.0,5284396868
442,129.0,36.0,11.0,8.0,22.0,55.0,5.0,344.0,578.0,22.0,22052.0,1318.0,10904.0,3009.0,10350.0,11215.0,623.0,4326.0,1,5360230213.0,5360230213
443,2.0,42.0,3.0,3.0,15.0,151.0,5.0,515.0,448.0,15.0,,,,,,,,,1,4945493830.0,4945493830
444,132.0,28.0,5.0,6.0,23.0,154.0,20.0,419.0,704.0,25.0,,,,,,,,,1,4878329677.0,4878329677
445,128.0,36.0,5.0,5.0,13.0,54.0,4.0,310.0,511.0,20.0,13167.0,603.0,7154.0,3096.0,8695.0,6914.0,252.0,2853.0,1,5454397262.0,5454397262
446,130.0,50.0,1.0,6.0,14.0,56.0,4.0,255.0,444.0,19.0,7459.0,73.0,4081.0,1113.0,8655.0,5839.0,37.0,1761.0,0,5344980816.0,5344980816
447,0.0,105.0,4.0,4.0,14.0,102.0,2.0,386.0,477.0,19.0,12896.0,128.0,1600.0,4078.0,9940.0,8205.0,78.0,896.0,1,5445211987.0,5445211987
448,0.0,30.0,3.0,8.0,11.0,34.0,9.0,261.0,369.0,16.0,9597.0,350.0,373.0,2097.0,6925.0,7569.0,143.0,135.0,1,5399555923.0,5399555923
449,128.0,70.0,22.0,2.0,3.0,251.0,14.0,658.0,853.0,25.0,,,,,,,,,0,4881887061.0,4881887061
450,2.0,108.0,2.0,9.0,26.0,100.0,5.0,394.0,506.0,21.0,,,,,,,,,1,5019426647.0,5019426647
451,4.0,108.0,3.0,7.0,3.0,111.0,11.0,294.0,352.0,15.0,15086.0,0.0,125.0,218.0,9270.0,9137.0,0.0,57.0,0,5437310812.0,5437310812
452,131.0,98.0,5.0,6.0,12.0,132.0,13.0,398.0,460.0,19.0,15010.0,1246.0,0.0,1688.0,12015.0,9659.0,740.0,0.0,1,5463299934.0,5463299934
454,0.0,37.0,0.0,8.0,12.0,98.0,1.0,248.0,351.0,18.0,,,,,,,,,0,5083774825.0,5083774825
455,128.0,75.0,5.0,9.0,29.0,167.0,8.0,388.0,538.0,27.0,,,,,,,,,1,5164152682.0,5164152682
456,132.0,45.0,4.0,17.0,22.0,130.0,6.0,303.0,385.0,21.0,,,,,,,,,0,4898420589.0,4898420589
458,130.0,30.0,7.0,9.0,20.0,67.0,7.0,383.0,556.0,25.0,,,,,,,,,1,4991612791.0,4991612791
459,129.0,105.0,4.0,2.0,10.0,106.0,3.0,259.0,444.0,21.0,29956.0,169.0,0.0,384.0,9865.0,16287.0,60.0,0.0,0,5377175423.0,5377175423
460,128.0,75.0,6.0,5.0,26.0,71.0,13.0,362.0,566.0,23.0,,,,,,,,,1,5164232576.0,5164232576
462,4.0,70.0,12.0,6.0,5.0,250.0,6.0,567.0,703.0,25.0,,,,,,,,,1,5039058821.0,5039058821
463,130.0,86.0,3.0,9.0,17.0,148.0,5.0,379.0,557.0,24.0,19909.0,1276.0,600.0,3622.0,14725.0,9857.0,517.0,92.0,1,5462896519.0,5462896519
464,4.0,36.0,7.0,9.0,13.0,38.0,1.0,314.0,379.0,18.0,,,,,,,,,1,5255982983.0,5255982983
465,129.0,75.0,8.0,12.0,32.0,83.0,1.0,364.0,559.0,25.0,,,,,,,,,1,5096425351.0,5096425351
467,128.0,53.0,2.0,7.0,25.0,265.0,6.0,460.0,598.0,24.0,12260.0,3913.0,4080.0,4086.0,17870.0,5537.0,2020.0,930.0,1,5452435339.0,5452435339
468,4.0,16.0,6.0,7.0,16.0,80.0,2.0,376.0,505.0,21.0,,,,,,,,,1,4945876877.0,4945876877
469,1.0,33.0,2.0,4.0,15.0,80.0,16.0,350.0,380.0,16.0,15811.0,1450.0,0.0,1428.0,9600.0,10618.0,672.0,0.0,1,5337304975.0,5337304975
470,2.0,70.0,16.0,7.0,9.0,251.0,2.0,558.0,662.0,26.0,32495.0,9451.0,0.0,5808.0,19490.0,19058.0,4790.0,0.0,1,5439549328.0,5439549328
471,128.0,35.0,5.0,4.0,4.0,133.0,23.0,318.0,486.0,18.0,22360.0,62.0,0.0,247.0,9750.0,12998.0,17.0,0.0,0,5428699027.0,5428699027
472,128.0,30.0,7.0,11.0,9.0,52.0,10.0,236.0,489.0,21.0,23330.0,968.0,2968.0,841.0,8265.0,16169.0,421.0,1308.0,0,5437382550.0,5437382550
473,131.0,23.0,4.0,11.0,13.0,187.0,5.0,347.0,614.0,24.0,20777.0,0.0,125.0,2684.0,11310.0,9711.0,0.0,135.0,0,5429997462.0,5429997462
475,132.0,105.0,6.0,5.0,15.0,99.0,0.0,418.0,639.0,25.0,,,,,,,,,1,5170636707.0,5170636707
476,2.0,108.0,6.0,11.0,10.0,127.0,4.0,324.0,550.0,23.0,,,,,,,,,0,5196216233.0,5196216233
477,1.0,77.0,2.0,3.0,15.0,144.0,6.0,379.0,398.0,15.0,7919.0,5904.0,0.0,2073.0,9235.0,5402.0,3396.0,0.0,1,5372667818.0,5372667818
478,128.0,47.0,6.0,6.0,10.0,144.0,18.0,445.0,546.0,19.0,,,,,,,,,0,4985204651.0,4985204651
479,128.0,50.0,4.0,14.0,23.0,66.0,6.0,269.0,432.0,23.0,9854.0,0.0,6277.0,1767.0,11700.0,6619.0,0.0,2686.0,1,5383163821.0,5383163821
480,130.0,36.0,11.0,1.0,15.0,47.0,5.0,400.0,616.0,21.0,,,,,,,,,1,5248006066.0,5248006066
481,2.0,70.0,1.0,7.0,4.0,102.0,3.0,272.0,294.0,14.0,,,,,,,,,0,5275264949.0,5275264949
482,2.0,5.0,3.0,6.0,5.0,41.0,3.0,374.0,320.0,12.0,,,,,,,,,1,4905691063.0,4905691063
483,129.0,62.0,4.0,14.0,15.0,56.0,1.0,355.0,604.0,25.0,,,,,,,,,0,4888694719.0,4888694719
484,2.0,36.0,9.0,8.0,31.0,126.0,1.0,429.0,581.0,28.0,,,,,,,,,1,5228380098.0,5228380098
486,132.0,103.0,17.0,1.0,8.0,39.0,1.0,1536.0,1090.0,16.0,,,,,,,,,1,4949843914.0,4949843914
487,132.0,108.0,4.0,5.0,22.0,123.0,33.0,369.0,545.0,23.0,,,,,,,,,1,5061029846.0,5061029846
488,2.0,108.0,2.0,12.0,6.0,102.0,8.0,307.0,365.0,15.0,,,,,,,,,0,4881831895.0,4881831895
489,131.0,22.0,5.0,12.0,11.0,29.0,7.0,275.0,362.0,14.0,,,,,,,,,0,5101266906.0,5101266906
491,0.0,52.0,5.0,5.0,16.0,93.0,7.0,444.0,458.0,16.0,,,,,,,,,1,4985118692.0,4985118692
492,0.0,22.0,8.0,9.0,9.0,37.0,1.0,255.0,538.0,19.0,38740.0,0.0,400.0,401.0,8205.0,21496.0,0.0,328.0,0,5447307243.0,5447307243
493,4.0,35.0,10.0,6.0,4.0,264.0,17.0,551.0,542.0,23.0,,,,,,,,,0,5119965164.0,5119965164
494,0.0,4.0,9.0,7.0,0.0,208.0,13.0,395.0,515.0,20.0,14477.0,220.0,0.0,210.0,13520.0,10935.0,107.0,0.0,0,5419137005.0,5419137005
496,4.0,40.0,5.0,5.0,10.0,129.0,4.0,426.0,565.0,22.0,,,,,,,,,1,4957900789.0,4957900789
497,131.0,33.0,2.0,12.0,10.0,113.0,21.0,257.0,254.0,15.0,8670.0,110.0,0.0,212.0,8625.0,5714.0,75.0,0.0,0,5343059958.0,5343059958
498,2.0,36.0,5.0,7.0,16.0,147.0,6.0,389.0,545.0,23.0,,,,,,,,,1,5261658103.0,5261658103
499,3.0,75.0,1.0,9.0,7.0,42.0,0.0,192.0,349.0,19.0,14290.0,0.0,0.0,695.0,7785.0,7045.0,0.0,0.0,0,5350023165.0,5350023165
